{"1": 0.15143112701252237, "2": 0.06529516994633273, "3": 0.0778175313059034, "4": 0.06726296958855098, "5": 0.08264758497316636, "6": 0.053756708407871195, "7": 0.00483005366726297, "8": 0.009302325581395349, "9": 0.089087656529517, "10": 0.081216457960644, "11": 0.10661896243291592, "12": 0.2107334525939177}